audio_path,transcripts,tag
segments_16k/bRUvt1gsCOs_00029864_00030216.wav,cậu chỉ cần gấp cái này lên mũi và đi theo hướng mùi phát ra là được,Yes
segments_16k/bRUvt1gsCOs_00041420_00041636.wav,cậu bị cái gì mà te tua dữ vậy,Yes
segments_16k/bRUvt1gsCOs_00042028_00042140.wav,có phải là Chaien không,Yes
segments_16k/bRUvt1gsCOs_00042730_00042970.wav,thần gió bắc và thần mặt trời,Yes
segments_16k/bRUvt1gsCOs_00043784_00043990.wav,xài cái này tốt lắm á nha nô bi ta,Yes
segments_16k/bRUvt1gsCOs_00043990_00044228.wav,cứ dùng cái này để đối phó với suneo đi,Yes
segments_16k/bRUvt1gsCOs_00053812_00053958.wav,các cậu thật là quá đáng,Yes
segments_16k/wfxrMCHqfRI_00015884_00018588.wav,thôi đủ rồi dừng lại đi nhột quá đi à nói thiệt với cậu nha dù sao mình cũng cảm thấy chuyện này không hẳn là tốt cho cậu đâu thay vì cậu chơi hay là ngủ quá nhiều thì hãy dành thời gian để học hay làm điều gì đó có ít hơn đi ví dụ như là đọc thêm sách tham khảo để có thêm kiến thức nè mình nói nghe nè mình không rảnh để đọc sách đâu ê đau đau đau,No
segments_16k/wfxrMCHqfRI_00065160_00065462.wav,nó là robot mới nhất mà điều này không thể xảy ra được đâu,Yes
segments_16k/wfxrMCHqfRI_00080526_00080778.wav,mình tin chắc là nó sẽ sớm quay về thôi,Yes
segments_16k/wfxrMCHqfRI_00123228_00124188.wav,thì ra là cậu đã biết hết mọi thứ có đúng không Dekisugi cậu đừng nói quá mà đây có phải là chuyện gì lớn lao đâu cậu lại khiêm tốn nữa rồi mình thấy cậu rất là ấn tượng,No
segments_16k/wfxrMCHqfRI_00136504_00137320.wav,vẽ một dòng tròn cách sử dụng cũng đơn giản lắm chỉ cần vẽ một vòng tròn bằng bút hố đen rồi sau đó để đồ vào trong cái vòng tròn là xong,Yes
segments_16k/wfxrMCHqfRI_00140434_00140784.wav,bây giờ thì mình dùng tới bút hóa trắng vũ trụ,Yes
segments_16k/wfxrMCHqfRI_00141514_00142394.wav,chuyện gì vừa xảy ra vậy hả Doraemon thật ra là vậy nè trong vũ trụ không gian rộng lớn tồn tại một hố đen vũ trụ có thể hút hết tất cả mọi thứ vào trong,Yes
segments_16k/wfxrMCHqfRI_00152000_00152248.wav,nè cậu nên xóa vòng tròn sau khi sử dụng chứ,Yes
segments_16k/wfxrMCHqfRI_00177264_00177562.wav,thì sức mạnh của hố đen vũ trụ sẽ tăng lên rất nhiều lần đó,Yes
segments_16k/wfxrMCHqfRI_00178176_00178310.wav,sẽ không bao giờ thoát ra được,Yes
segments_16k/wfxrMCHqfRI_00178766_00179084.wav,vậy thì bây giờ cậu phải mau tìm cho bằng được bút hố trắng vũ trụ đi,Yes
segments_16k/wfxrMCHqfRI_00204256_00204448.wav,thì cậu viết về ai đó bằng cây bút bi này,Yes
segments_16k/wfxrMCHqfRI_00228550_00228821.wav,vậy vậy mình sẽ không khách sáo đâu nha Chaien,Yes
segments_16k/TW2jBoOHoXs_00016990_00017720.wav,sao giống cái tã vậy Nobita cái đó để quấn trên đầu chứ không phải ở đó quấn trên đầu hả,No
segments_16k/TW2jBoOHoXs_00034828_00035020.wav,ôi thôi chết rồi Nobita ơi,Yes
segments_16k/TW2jBoOHoXs_00037080_00037324.wav,bình thường nô bi ta thì cũng thích tới đây lắm mà,Yes
segments_16k/TW2jBoOHoXs_00056591_00056744.wav,sau khi trả thù thành công,Yes
segments_16k/TW2jBoOHoXs_00056744_00056879.wav,thì nó sẽ tự động biến mất,Yes
segments_16k/TW2jBoOHoXs_00057198_00057379.wav,bạn không được lạm dụng quá mức như vậy,Yes
segments_16k/TW2jBoOHoXs_00077184_00077492.wav,mày là con ma chứ đâu phải là đồ chơi của Suneo đâu,Yes
segments_16k/TW2jBoOHoXs_00083826_00084188.wav,búp bê dự báo sự việc,Yes
segments_16k/TW2jBoOHoXs_00086600_00086786.wav,nô bi ta làm mình hết hồn à,Yes
segments_16k/TW2jBoOHoXs_00088298_00088482.wav,mẹ nói vậy là đúng rồi,Yes
segments_16k/TW2jBoOHoXs_00090064_00090288.wav,theo bạn dự định làm một chuyện gì đó,Yes
segments_16k/TW2jBoOHoXs_00090422_00090622.wav,những việc của bạn làm có thành công hay không,Yes
segments_16k/TW2jBoOHoXs_00090622_00090812.wav,nếu thành công thì còi nó sẽ kêu lên,Yes
segments_16k/TW2jBoOHoXs_00093024_00093244.wav,nhưng bạn đã có câu trả lời rồi,Yes
segments_16k/TW2jBoOHoXs_00097494_00097658.wav,búp bê đã đoán đúng mà không tin,Yes
segments_16k/TW2jBoOHoXs_00100094_00100432.wav,từ trước cho tới giờ có bài tập ở nhà nào mà bạn làm được đâu,Yes
segments_16k/TW2jBoOHoXs_00131720_00131918.wav,không hẳn như vậy đâu nô bi ta,Yes
segments_16k/TW2jBoOHoXs_00131918_00132286.wav,sự việc được đoán trước chưa hẳn là lúc nào cũng chính xác tuyệt đối,Yes
segments_16k/TW2jBoOHoXs_00132464_00132710.wav,chẳng hạn như mỗi lần mẹ nhờ bạn việc về,Yes
segments_16k/TW2jBoOHoXs_00132828_00133014.wav,thì tự nhiên nó sẽ là không thôi,Yes
segments_16k/TW2jBoOHoXs_00134060_00134274.wav,mình tin chắc là bạn sẽ làm được mà,Yes
segments_16k/TW2jBoOHoXs_00134910_00135164.wav,cũng nhờ mày mà nobita đã hiểu ra mọi chuyện,Yes
segments_16k/TW2jBoOHoXs_00139756_00140008.wav,được rồi người máy đây nè,Yes
segments_16k/qU6Fjrrc0Gw_00079736_00079918.wav,không phải mình làm ra mấy chuyện đó đâu,Yes
segments_16k/qU6Fjrrc0Gw_00080762_00081090.wav,có ai đó đang liên tiếp gây ra những việc kỳ lạ trong khu phố của chúng ta,Yes
segments_16k/qU6Fjrrc0Gw_00089928_00090110.wav,mắc gì nói sợ với mình vậy hả,Yes
segments_16k/qU6Fjrrc0Gw_00206671_00206814.wav,à đúng là ngon quá chừng,Yes
segments_16k/qU6Fjrrc0Gw_00210028_00210267.wav,lọ gia vị tạo cảm giác,Yes
segments_16k/qU6Fjrrc0Gw_00224180_00224552.wav,đây bây giờ anh hãy bắt đầu với bón con so bớt của pháp trước đi nha,Yes
segments_16k/qU6Fjrrc0Gw_00227166_00227396.wav,tiếp theo anh hãy thử mong bò phi lê này đi,Yes
segments_16k/bDTugSfDZoM_00007158_00007362.wav,rồi bây giờ mình không muốn mua cái gì hết đó,Yes
segments_16k/bDTugSfDZoM_00023784_00023948.wav,cậu đã làm gì vậy hả Nobita,Yes
segments_16k/bDTugSfDZoM_00025002_00025152.wav,tức là cậu phải trả tiền,Yes
segments_16k/bDTugSfDZoM_00040292_00040560.wav,tại sao cậu chỉ mua đồ tặng cho người khác mà không tặng cho mình,Yes
segments_16k/bDTugSfDZoM_00042524_00042712.wav,Doraemon bị bệnh nặng,Yes
segments_16k/bDTugSfDZoM_00066598_00066860.wav,cậu chỉ cần bảy mươi hay sáu mươi gì cũng được hết,Yes
segments_16k/bDTugSfDZoM_00089620_00090356.wav,nobita à cậu đừng có đụng chạm lung tung gì hết nha đừng mà đừng mà không không,Yes
segments_16k/bDTugSfDZoM_00090644_00091080.wav,cậu sao rồi hả nô bi ta,Yes
segments_16k/bDTugSfDZoM_00116322_00116464.wav,mình có bị cái gì đâu,Yes
segments_16k/bDTugSfDZoM_00118102_00118418.wav,cậu ấy nói nếu không có anh nô bi ta giúp đỡ thì đã gặp nguy hiểm rồi,No
segments_16k/Ccc_gcftpDI_00088912_00089102.wav,để con đổi nó giùm mẹ,Yes
segments_16k/Ccc_gcftpDI_00097992_00098270.wav,cái gì đã bỏ đi rồi là không thể níu kéo được đâu,Yes
segments_16k/Ccc_gcftpDI_00118880_00119282.wav,xin chào Mimi gì đi dạo một vòng hả,Yes
segments_16k/Ccc_gcftpDI_00136664_00139090.wav,được rồi cậu có bị sao không dạ mình cám ơn cậu nhiều nha đô ra mon bị kẹt ở đây với đống rác lâu đến như vậy chắc là sợ lắm có đúng không rác thì phải quăng vào chỗ bỏ rác chứ đâu thể nào ném lên trên núi như vậy được chứ,No
segments_16k/PfGq-TIzRAc_00111698_00111964.wav,không có cái thẻ thì mình sẽ tự vẽ,Yes
segments_16k/PfGq-TIzRAc_00128926_00129140.wav,mây đã bay hết trơn rồi,Yes
segments_16k/PfGq-TIzRAc_00148154_00148276.wav,thì không ai giống ai hết,Yes
segments_16k/PfGq-TIzRAc_00165566_00165822.wav,sao cậu lại đưa cái vé này cho mình hả nô bi,Yes
segments_16k/PfGq-TIzRAc_00181082_00181502.wav,thật ra mình đang cho cậu ấy nhại giọng ca sĩ sariyuki trên tivi á,Yes
segments_16k/PfGq-TIzRAc_00192880_00193284.wav,cậu sắp lên tivi nên muốn mượn kẹo nhại tiếng của tụi mình để ăn một lần nữa sao,Yes
segments_16k/PfGq-TIzRAc_00212038_00212302.wav,chờ ba mươi phút nữa kẹo hết tác dụng thôi,Yes
segments_16k/PfGq-TIzRAc_00212800_00213126.wav,đèn pin trở về nguyên thủy,Yes
segments_16k/PfGq-TIzRAc_00221478_00221732.wav,đèn pin trở về nguyên thủy,Yes
segments_16k/PfGq-TIzRAc_00230848_00231008.wav,đó gọi là các silica,Yes
segments_16k/PfGq-TIzRAc_00253923_00254208.wav,có xà lách cá cừ thì làm từ cá và rau củ,Yes
segments_16k/PfGq-TIzRAc_00254538_00254794.wav,trong đó còn có thêm dầu giấm và các chất phụ gia nữa,Yes
segments_16k/PfGq-TIzRAc_00258180_00258392.wav,lúc đó mẹ hãy vô dọn dẹp nha,Yes
segments_16k/PfGq-TIzRAc_00305708_00305932.wav,mẹ ơi mẹ cứ thử chơi một lần xem sao đi mẹ,Yes
segments_16k/PfGq-TIzRAc_00328466_00328780.wav,tụi mình có thể biến sân nhà mình thành sân bóng chày luôn rồi ,Yes
segments_16k/g3Z9kcUKl7A_00040442_00040992.wav,nóng quá nóng dữ vậy nè nói một cách khác chúng ta đang cảm thấy rất nóng là vì ở đây chính là,No
segments_16k/g3Z9kcUKl7A_00048964_00049486.wav,bị bỏng chân luôn rồi nè rồi cậu còn làm gì nữa vậy hãy mau cứu chú ấy đi nhanh lên,Yes
segments_16k/g3Z9kcUKl7A_00081258_00081420.wav,tuyết rơi đầy rồi nè,Yes
segments_16k/g3Z9kcUKl7A_00092834_00093022.wav,đừng tưởng là được voi rồi đòi tiên nghe chưa,Yes
segments_16k/g3Z9kcUKl7A_00164154_00164420.wav,không có cái thẻ thì mình sẽ tự vẽ,Yes
segments_16k/g3Z9kcUKl7A_00181368_00181592.wav,mây đã bay hết trơn rồi,Yes
segments_16k/g3Z9kcUKl7A_00207350_00208476.wav,Đau quá đầu mình đang bị siết chặt mỗi lần cậu đội nó lên đầu thì phải đợi ba tiếng mới tháo ra được từ giờ tuyệt đối không được nhắc đến những từ,Yes
segments_16k/g3Z9kcUKl7A_00228558_00228880.wav,sao chúng ta không chơi thử cái thú vị hơn một chút đi nô bi ta,Yes
segments_16k/g3Z9kcUKl7A_00230038_00230406.wav,thì không phải là con diều sẽ bay lên mà chính người thả sẽ bay lên trời,Yes
segments_16k/g3Z9kcUKl7A_00248100_00248217.wav,của thế kỷ tương lai,Yes
segments_16k/g3Z9kcUKl7A_00257302_00257434.wav,cậu đừng có nói chuyện đó,Yes
segments_16k/g3Z9kcUKl7A_00258454_00258721.wav,cả đời mình cũng sẽ không bao giờ đụng tới nó nữa đâu,Yes
segments_16k/g3Z9kcUKl7A_00275688_00275922.wav,nè cậu không được tùy chỉnh lung tung như vậy đâu,Yes
segments_16k/g3Z9kcUKl7A_00282186_00282394.wav,cậu không được điều chỉnh lung tung như vậy đâu,Yes
segments_16k/g3Z9kcUKl7A_00296866_00297130.wav,mình đã nói là không được thay đổi ngày tháng lung tung rồi mà,Yes
segments_16k/g3Z9kcUKl7A_00297178_00297530.wav,dù bây giờ mình có sửa lại thì cũng không có ích gì đâu biết chưa,Yes
segments_16k/g3Z9kcUKl7A_00297718_00298064.wav,cậu có biết tại sao trái đất lại phân ra thành bốn mùa khác nhau hay không Nobita,Yes
segments_16k/g3Z9kcUKl7A_00298604_00298904.wav,cho nên góc chiếu sáng của mặt trời đến trái đất cũng thay đổi,Yes
segments_16k/g3Z9kcUKl7A_00300378_00300584.wav,cậu cứ nhìn con quay này đi rồi sẽ hiểu,Yes
segments_16k/g3Z9kcUKl7A_00301296_00301586.wav,một khi trái đất không quay nữa thì quỹ đạo cũng sẽ bị đảo lộn,Yes
segments_16k/g3Z9kcUKl7A_00302178_00302548.wav,trái đất sẽ không thể kháng cự được lực hấp dẫn qua lớn của mặt trời,Yes
segments_16k/g3Z9kcUKl7A_00302548_00302796.wav,và kết quả sẽ bị hút ra mặt trời luôn,Yes
segments_16k/g3Z9kcUKl7A_00303262_00303466.wav,có phải mặt trời rất gần với trái đất rồi không,Yes
segments_16k/g3Z9kcUKl7A_00315774_00316844.wav,Doraemon cậu thật là quá đáng sao có thể bỏ mình lại như vậy mà đi được hả đợi mình với,No
segments_16k/D1Fq9QsX9q8_00009204_00011566.wav,cậu có chắc rằng mình có thể làm được điều đó không để trở thành nhẫn giả rèn luyện kiểu nào mình cũng chịu hết nếu cậu làm được thì tốt quá rồi wow bộ huấn luyện này gồm nhiều món được gói lại thành một bộ này là thuật đi trên mặt nước này nó giúp cậu có thể đi bộ trên mặt nước này là thuật nhảy cao của Tengu cậu có thể nhảy cao hơn mái nhà luôn này là thuộc trăm dặm như cơn gió cậu có thể chạy nhanh như một cơn gió,Yes
segments_16k/D1Fq9QsX9q8_00017746_00019668.wav,gieo hạt nó sẽ nhanh chóng nảy mầm và rồi phát triển mạnh mẽ sau đó còn phải nhảy qua nó lúc đầu thì dễ dàng nhưng càng về sau sẽ càng khó hơn cậu cần phải tập trung liên tục nhảy qua cây để có thể theo kịp tốc độ phát triển của nó đến một ngày cậu sẽ thấy mình có thể nhảy cao đến mức kinh ngạc cậu có thể điều chỉnh thời gian phát,Yes
segments_16k/D1Fq9QsX9q8_00070460_00070812.wav,đồng hồ lịch trình chỉ có nhiệm vụ đảm bảo cậu thực hiện đúng thời gian mà thôi,Yes
segments_16k/D1Fq9QsX9q8_00071058_00071542.wav,lần này mình nhất định phải khiến cho cậu bỏ cái tính vô tổ chức đó đi mới được nghe chưa,Yes
segments_16k/D1Fq9QsX9q8_00094880_00095182.wav,vậy là mình đã có thể thoải mái được một lúc rồi,Yes
segments_16k/D1Fq9QsX9q8_00095618_00095794.wav,đã nói là trời đang mưa rồi mà,Yes
segments_16k/D1Fq9QsX9q8_00101310_00101476.wav,kết thúc trò này dùm cái đi,Yes
segments_16k/sDL0g5onEwk_00016147_00016518.wav,ơi nè nô bi ta ơi trời trời trời ơi cậu ấy đi đâu mất tiêu,Yes
segments_16k/sDL0g5onEwk_00034720_00035130.wav,nếu cậu ấy dám đặt như vậy thì cậu ấy sẽ bị đánh như bao cát luôn cho coi,Yes
segments_16k/sDL0g5onEwk_00063076_00063270.wav,cô bé mang giày đỏ,Yes
segments_16k/sDL0g5onEwk_00100848_00101062.wav,cậu quên là mình có bảo bối này hay sao,Yes
segments_16k/hvMwrPpl1hI_00026244_00026460.wav,mình đưa người đóng vai Juliet tới rồi đây,Yes
segments_16k/hvMwrPpl1hI_00092128_00092322.wav,chiếc nhẫn mà mẹ làm mất đây ạ,Yes
segments_16k/hvMwrPpl1hI_00100868_00101096.wav,để có người ta phát quy tác trọng của nó hay sao,No
segments_16k/hvMwrPpl1hI_00102524_00102908.wav,cậu có thể chờ tới khi nô bi ta ngủ dậy rồi mới hỏi tội cậu ấy hay không,Yes
segments_16k/8B1AFW-KXkw_00038642_00038896.wav,tụi mình chỉ cần tạo ra một cái gì quá khác là được,No
segments_16k/8B1AFW-KXkw_00124672_00124876.wav,biết bây giờ là mấy giờ rồi không hả,Yes
segments_16k/8B1AFW-KXkw_00131502_00131792.wav,đây chính là kỷ luật thế giới cao nhất trong trường miền viễn tây này đó,Yes
segments_16k/8B1AFW-KXkw_00131996_00132194.wav,nó chỉ trong một luật chơi mà không mắc lỗi nào hết,Yes
segments_16k/8B1AFW-KXkw_00227878_00228002.wav,tại vì nếu không vấp ngã,Yes
segments_16k/8B1AFW-KXkw_00230216_00230416.wav,cậu cứ việc bắn thoải mái đi nha,Yes
segments_16k/DLxiy8Xcu2I_00002194_00002452.wav,cậu nói là sẽ rèn luyện sức khỏe bằng cách chạy bộ mỗi ngày,Yes
segments_16k/DLxiy8Xcu2I_00003224_00003434.wav,không được kì kèo do dự,Yes
segments_16k/DLxiy8Xcu2I_00003886_00004128.wav,vậy mà có bao giờ mình thấy cậu thực hiện được nó đâu,Yes
segments_16k/DLxiy8Xcu2I_00005054_00005340.wav,thì tương lai làm sao có thể kết hôn được với Shizuka đây,Yes
segments_16k/DLxiy8Xcu2I_00005770_00006062.wav,ý chí không phải cứ nói là có được đâu,Yes
segments_16k/DLxiy8Xcu2I_00007386_00007588.wav,nè mình không có giỡn với cậu đâu,Yes
segments_16k/DLxiy8Xcu2I_00007588_00007826.wav,bảo bối này của mình lợi hại lắm á nha,Yes
segments_16k/DLxiy8Xcu2I_00010164_00010470.wav,hòn đá kiên cường này sẽ có thể giúp ba giảm cân mà,Yes
segments_16k/DLxiy8Xcu2I_00012418_00012592.wav,tất nhiên là không thể ăn được rồi,Yes
segments_16k/DLxiy8Xcu2I_00014944_00015186.wav,hòn đá này ra tay có vẻ hơi bạo lực,Yes
segments_16k/DLxiy8Xcu2I_00015990_00016362.wav,dùng bảo bối này hay không là tùy thuộc vào quyết tâm của cậu thôi,Yes
segments_16k/DLxiy8Xcu2I_00021214_00021394.wav,thì sẽ không thể nào dời lại được đâu,Yes
segments_16k/DLxiy8Xcu2I_00025238_00025462.wav,như vậy đúng là có hơi quá đáng thiệt đó,Yes
segments_16k/DLxiy8Xcu2I_00026706_00026883.wav,ta nói là mày dừng lại đi,Yes
segments_16k/DLxiy8Xcu2I_00038030_00038200.wav,thời gian một tiếng sắp hết rồi,Yes
segments_16k/DLxiy8Xcu2I_00038962_00039200.wav,cậu cũng đã ráng chạy được hết một tiếng đồng hồ,Yes
segments_16k/DLxiy8Xcu2I_00039370_00039568.wav,thời gian một tiếng sắp trôi qua rồi,Yes
segments_16k/DLxiy8Xcu2I_00040248_00040442.wav,cậu đã chạy đủ một tiếng rồi đó,Yes
segments_16k/DLxiy8Xcu2I_00040998_00041124.wav,thì mọi chuyện sẽ thành công,Yes
segments_16k/DLxiy8Xcu2I_00043920_00044042.wav,để đó cho mình đi,Yes
segments_16k/DLxiy8Xcu2I_00044814_00044982.wav,bây giờ thì vuốt giận,Yes
segments_16k/DLxiy8Xcu2I_00045864_00046022.wav,mau trốn vào cánh cửa thần kỳ đi,Yes
segments_16k/lguJQdoirY0_00023712_00023936.wav,đây nó đã trở thành cái bánh nguyên vẹn,Yes
segments_16k/lguJQdoirY0_00083748_00084016.wav,thuốc xịt kiểm tra dấu,Yes
segments_16k/lguJQdoirY0_00092200_00092382.wav,đã nói với mình bạn ấy không có ăn cắp,Yes
segments_16k/lguJQdoirY0_00095530_00096288.wav,thuốc xịt kiểm tra dấu chân nếu chúng ta phun thuốc xịt này vào dấu chân của thủ phạm để lại thì lập tức thủ phạm sẽ xuất,Yes
segments_16k/lguJQdoirY0_00099226_00099564.wav,mi mi ơi mọi chuyện không sao rồi,Yes
segments_16k/lguJQdoirY0_00122264_00122382.wav,tạm biệt nha,Yes
segments_16k/lguJQdoirY0_00122382_00122616.wav,nếu gặp rắc rối cứ gọi cho anh ha,Yes
segments_16k/lguJQdoirY0_00123792_00123966.wav,nô bi ta đâu rồi ta,Yes
segments_16k/lguJQdoirY0_00127752_00127922.wav,bạn có thấy nô bi ta ở đâu không,Yes
segments_16k/lguJQdoirY0_00134634_00134790.wav,xịt trở lại như cũ,Yes
segments_16k/g2X0wsIzbzA_00009872_00010096.wav,để coi mình nên chọn cái nào đây,Yes
segments_16k/g2X0wsIzbzA_00012496_00012626.wav,chính là nó rồi tuyệt lắm,Yes
segments_16k/g2X0wsIzbzA_00013494_00013722.wav,làm xong việc nó sẽ tự động biến mất,Yes
segments_16k/g2X0wsIzbzA_00071374_00072086.wav,thì hãy xem cuốn sách này đi đây chính là truyện truyền thuyết đắc đạo thành tiên của trung quốc ẩn danh trong một vùng núi xa xôi hẻo lánh,Yes
segments_16k/LWUnbC9Csw8_00011434_00011658.wav,cũng có thể trở thành một đứa trẻ hai ba tuổi,Yes
segments_16k/LWUnbC9Csw8_00063510_00063705.wav,cậu đã về tới hiện tại rồi nè,Yes
segments_16k/0HOa-A0rt_Q_00008098_00008356.wav,hay là theo mình ra ngoài đi dạo cho bớt sốt ruột đi,Yes
segments_16k/0HOa-A0rt_Q_00028536_00028744.wav,sao cậu chỉ quay thời gian cho mình cậu thôi vậy,Yes
segments_16k/0HOa-A0rt_Q_00030839_00031126.wav,đừng có nói là cậu sẽ quay cái bảo bối đó nha,Yes
segments_16k/0HOa-A0rt_Q_00122118_00122428.wav,cho nên cậu đã bị thụt lại và thua kém các bạn bè,Yes
segments_16k/0HOa-A0rt_Q_00127872_00128216.wav,chúng ta cứ chờ thử xem quyết tâm của cậu ấy được bao lâu,Yes
segments_16k/pzL_FW80zoY_00052602_00053055.wav,nút bật của rồng cô mô đô có độc nếu không may bị nó cắn thì sẽ nguy hiểm tới tính mạng nó bỏ ra,Yes
segments_16k/pzL_FW80zoY_00104868_00105142.wav,dù là chó hay mèo gì cậu cũng có thể cưỡi được hết,Yes
segments_16k/pzL_FW80zoY_00120272_00120606.wav,phải tụi mình chỉ mượn nó làm ngựa để cưõi một chút thôi à,Yes
segments_16k/4Ji-qb8iLMI_00076840_00077110.wav,chỉ cần cậu đưa cái găng tay này cho đám con gái đeo vào,Yes
segments_16k/4Ji-qb8iLMI_00077238_00077382.wav,lúc đó cậu sẽ chiến thắng,Yes
segments_16k/bwHMPIlzfVE_00009624_00009922.wav,chỉ cần cầu chứa sóng âm này vào bất cứ vật nào,Yes
segments_16k/bwHMPIlzfVE_00035458_00035724.wav,cậu có nhìn thấy con búp bê nào xung quanh đây không dạ,Yes
segments_16k/bwHMPIlzfVE_00037992_00038262.wav,nó sẽ tha cái đó đem đến một chỗ bí mật cất giấu,Yes
segments_16k/bwHMPIlzfVE_00064946_00065208.wav,nàng tiên ống tre của nô bi ta,Yes
segments_16k/bwHMPIlzfVE_00070330_00070664.wav,cửa hàng thế kỷ hai mươi hai chỉ toàn bán những thứ kỳ quái và vô dụng thôi à,Yes
segments_16k/JSFhIMhLlH8_00133934_00134208.wav,nhưng mà hình như cậu ấy đã gây ra quả lớn thì phải,Yes
segments_16k/cf21W-C33MA_00078904_00081904.wav,thì chắc bị tìm kiếm và phân tích địa chất sẽ định được địa điểm như vậy mới đưa cậu ấy về được đúng rồi vậy đi tập đưa bao bao tới đây thì sao chính là nó đó chúng ta phải tìm chỗ mà thiên thạch nó rơi xuống chắc chắn gần với chỗ cậu tìm thấy bao bao hay là không lẽ nào ở đâu rồi chỗ này tụi mình đập nhỏ ra hết rồi nếu giờ thiên thạch bị trộn lẫn với đất đá ở trái đất thì,Yes
segments_16k/cf21W-C33MA_00094830_00095632.wav,sau đó chỉ cần ấn cái nút này nữa là hoàn thành bao bao sẽ được trở về nhà ngay tàu vũ trụ sẽ đưa bao bao về hành tinh có loại cỏ đó,Yes
segments_16k/c2mYBsjNNh8_00020108_00020312.wav,nhiêu đây người chắc đủ rồi ha,Yes
segments_16k/c2mYBsjNNh8_00057232_00057424.wav,con sẽ biến mọi thứ trở lại như cũ,Yes
segments_16k/c2mYBsjNNh8_00073870_00074116.wav,con đã sửa máy xong rồi nè,Yes
segments_16k/c2mYBsjNNh8_00074116_00074346.wav,để con biến mọi trở về như cũ nha,Yes
segments_16k/c2mYBsjNNh8_00101640_00101836.wav,ông ấy nói muốn giúp cho Chaien ra mắt,Yes
segments_16k/c2mYBsjNNh8_00101836_00102086.wav,nhưng biết đâu khi làm xong thì lại tính giá cắt cổ thì,Yes
segments_16k/gu-WccxCeos_00012386_00014866.wav,xin quý khách hãy nhận lấy mình cám ơn nhiều nha cái này rốt cuộc là sao dạ khi tham gia gói bảo hiểm cậu sẽ trả một khoản tiền nhỏ để bảo vệ cậu khi có sự cố nếu không có sự cố nào xảy ra thì cậu sẽ mất khoản tiền đó nhưng nếu như cậu bị bệnh hay gặp tai nạn thì cậu sẽ được nhận một khoản tiền đền bù gấp nhiều lần số tiền mà cậu đã gửi vào bảo hiểm ở tương lai không chỉ đơn giản là trả tiền mà còn trả lại đồ,Yes
segments_16k/gu-WccxCeos_00040874_00041068.wav,cho nên mình đã được đền nhiêu đây nè,Yes
segments_16k/gu-WccxCeos_00041760_00041914.wav,đó cũng là chuyện tốt mà,Yes
segments_16k/gu-WccxCeos_00096933_00097063.wav,xong hết rồi nè,Yes
segments_16k/gu-WccxCeos_00145473_00145581.wav,là bánh rán,Yes
segments_16k/gu-WccxCeos_00146179_00146375.wav,một ông chủ tiệm bánh rán ở gần chỗ em,No
segments_16k/gu-WccxCeos_00147999_00148115.wav,ê đừng mà đừng mà,Yes
segments_16k/gu-WccxCeos_00148319_00148657.wav,em đã mất công vậy thì anh sẽ cố gắng ăn hết cho em vui,Yes
segments_16k/gu-WccxCeos_00151511_00151821.wav,nô bi ta mình không thể để cậu sử dụng nó được,Yes
segments_16k/gu-WccxCeos_00174373_00174723.wav,cho nên mình mới nói với cậu là chỉ được dùng khi nào thật nguy cấp thôi,Yes
segments_16k/gu-WccxCeos_00174723_00174897.wav,mình nói hoài mà cậu không chịu nghe,Yes
segments_16k/gu-WccxCeos_00177391_00177583.wav,cái máy này khó điều khiển lắm á,Yes
segments_16k/gu-WccxCeos_00190617_00190811.wav,cậu có biết bây giờ là mấy giờ rồi hay không,Yes
segments_16k/gu-WccxCeos_00192971_00193215.wav,đó thấy chưa còn kêu ca gì nữa,Yes
segments_16k/gu-WccxCeos_00193215_00193419.wav,có nguyện vọng của cậu thành sự thật rồi đó,Yes
segments_16k/gu-WccxCeos_00234841_00235069.wav,nhưng mà nãy giờ Chaien đâu không thấy,Yes
segments_16k/zuLYwhRPgg0_00031564_00031910.wav,ý kiến của robot đánh giá này là không thể nào thay đổi được,Yes
segments_16k/zuLYwhRPgg0_00084662_00085044.wav,giả sử bây giờ mình không biết chỗ này có nên rẽ trái hay rẽ phải không,Yes
segments_16k/zuLYwhRPgg0_00086320_00086836.wav,và từ đó mình quyết định sẽ không quẹo phải nữa,Yes
segments_16k/zuLYwhRPgg0_00088130_00088268.wav,mà cậu định đi đâu,Yes
segments_16k/zuLYwhRPgg0_00116030_00116320.wav,đó nếu vậy cậu chỉ cần vượt qua các rắc rối là được mà,Yes
segments_16k/zuLYwhRPgg0_00116640_00116846.wav,có con đường nào mà dễ dàng đâu chứ,Yes
segments_16k/zuLYwhRPgg0_00116846_00117170.wav,chẳng lẽ phải thuận lợi thì cậu mới chịu đi qua nhà Shizuka hay sao chứ,Yes
segments_16k/zuLYwhRPgg0_00117440_00117840.wav,đâu phải chuyện ông ấy trở thành nhà vô địch thế giới là dựa vào chuyện rẽ trái hay rẽ phải đâu,Yes
segments_16k/zuLYwhRPgg0_00119570_00119983.wav,đã cố gắng mở ra con đường quyền anh bằng sức lực cho mồ hôi của ông ấy,Yes
segments_16k/zuLYwhRPgg0_00123576_00123704.wav,phải có tinh thần thép,Yes
segments_16k/zuLYwhRPgg0_00139926_00140124.wav,chiếc vòng của gió,Yes
segments_16k/zuLYwhRPgg0_00145622_00145876.wav,thời tiết hôm nay đúng là ấm ghê ha,Yes
segments_16k/zuLYwhRPgg0_00178736_00179004.wav,đây là một bảo bối hiện đại của thế kỷ tương lai,Yes
segments_16k/zuLYwhRPgg0_00179004_00179410.wav,sau khi cậu mở hộp ra xuân hạ thu đông lần nào cũng có tác dụng tới tám tiếng,Yes
segments_16k/zuLYwhRPgg0_00179600_00179884.wav,là chúng ta sẽ ở mùa hạ nắng chói chang liền,Yes
segments_16k/zuLYwhRPgg0_00188088_00188308.wav,cậu đừng có nói chuyện đó nữa có được không vậy,Yes
segments_16k/zuLYwhRPgg0_00189240_00189504.wav,cả đời mình cũng sẽ không bao giờ đụng tới nó nữa đâu,Yes
segments_16k/zuLYwhRPgg0_00207932_00208317.wav,một ông chủ tiệm bánh rán ở gần chỗ em đã quyết tâm đến một cái bánh rán khổng lồ,No
segments_16k/zuLYwhRPgg0_00209750_00209869.wav,đừng mà đừng mà,Yes
segments_16k/zuLYwhRPgg0_00210071_00210408.wav,các em đã mất công vậy thì anh sẽ cố gắng ăn hết cho em vui,Yes
segments_16k/zuLYwhRPgg0_00213264_00213573.wav,nô bi ta mình không thể để cậu sử dụng nó được,Yes
segments_16k/zuLYwhRPgg0_00233528_00233723.wav,cậu mau giải quyết chuyện này nhanh lên,Yes
segments_16k/zuLYwhRPgg0_00236126_00236476.wav,cho nên mình mới nói với cậu là chỉ được dùng khi nào thật nguy cấp thôi,Yes
segments_16k/zuLYwhRPgg0_00236476_00236650.wav,mình nói hoài mà cậu không chịu nghe,Yes
segments_16k/zuLYwhRPgg0_00239144_00239336.wav,cái máy này khó điều khiển lắm á,Yes
segments_16k/zuLYwhRPgg0_00252369_00252569.wav,cậu có biết bây giờ là mấy giờ rồi hay không,Yes
segments_16k/zuLYwhRPgg0_00254967_00255167.wav,có nguyện vọng của cậu thành sự thật rồi đó,Yes
segments_16k/I2NlNA01GyE_00004156_00004362.wav,vậy thì cậu thử dùng cái này đi nè,Yes
segments_16k/I2NlNA01GyE_00004512_00004776.wav,cỏ đóng hộp chăn nuôi bánh kẹo,Yes
segments_16k/I2NlNA01GyE_00016772_00016996.wav,a mình đã dặn cậu phải cho nó ăn thường xuyên rồi mà,Yes
segments_16k/I2NlNA01GyE_00018490_00018778.wav,và có thể sẽ không bao giờ biến thành bò được nữa,Yes
segments_16k/I2NlNA01GyE_00024976_00025246.wav,hạt giống cỏ chăn nuôi bánh kẹo,Yes
segments_16k/I2NlNA01GyE_00050556_00050838.wav,mình nghĩ bọn trộm đó chắc chắn sẽ quay lại đây cho coi,Yes
segments_16k/I2NlNA01GyE_00052838_00053024.wav,trễ rồi đó mau về nhà đi,Yes
segments_16k/I2NlNA01GyE_00053305_00053562.wav,cậu mà không về mẹ la cho coi,Yes
segments_16k/I2NlNA01GyE_00063867_00064008.wav,không còn bị trộm cắp nữa,Yes
segments_16k/I2NlNA01GyE_00119500_00119748.wav,cậu hãy mau suy nghĩ coi có ai hay bắt nạt cậu hay không,Yes
segments_16k/I2NlNA01GyE_00120642_00120896.wav,mình tìm ra được người hay bắt nạt nô bi ta rồi nè,Yes
segments_16k/I2NlNA01GyE_00123696_00123835.wav,cậu chờ một chút nha,Yes
segments_16k/I2NlNA01GyE_00124561_00124818.wav,tên đó đang đuổi theo nô bi ta ở trong ống cống á,Yes
segments_16k/I2NlNA01GyE_00127750_00127920.wav,Chaien đang thấy rất thoải mái,Yes
segments_16k/I2NlNA01GyE_00185294_00185542.wav,anh saburo đã có thái độ lạc quan hơn,Yes
segments_16k/I2NlNA01GyE_00187080_00187260.wav,thì hạnh phúc sẽ tới với mình thôi,Yes
segments_16k/I2NlNA01GyE_00193768_00193982.wav,nhưng mà hồi nãy chú nói bỏ đi rồi mà,Yes
segments_16k/I2NlNA01GyE_00208528_00208717.wav,để con đổi nó giùm mẹ,Yes
segments_16k/I2NlNA01GyE_00256896_00257040.wav,cậu có bị sao không vậy,Yes
segments_16k/z24TjE1LOJs_00008236_00009688.wav,vì cái tính của cậu nữa mà mình thấy không phải người khác có cái gì là cậu cũng đòi được đâu được rồi được rồi mình biết rồi để mình coi pháo đài mọi thể loại,No
segments_16k/z24TjE1LOJs_00013038_00013186.wav,sẽ tôi muốn ăn bánh rán,Yes
segments_16k/z24TjE1LOJs_00102090_00102322.wav,Kuro đã tha con búp bê đi đâu rồi hả,Yes
segments_16k/z24TjE1LOJs_00107258_00107606.wav,cậu đừng có lo nô bi ta đã tìm ra manh mới về con búp bê của cậu rồi,Yes
segments_16k/z24TjE1LOJs_00113050_00113468.wav,mình thấy em ấy bị bỏ rơi một mình ở bãi đất trống nên mình đã lượm em ấy đem về nhà,No
segments_16k/z24TjE1LOJs_00118296_00118508.wav,đã được đoàn tụ bên nhau,Yes
segments_16k/z24TjE1LOJs_00133710_00134010.wav,hay là giờ con thử dùng cái này giúp mẹ nha,Yes
segments_16k/z24TjE1LOJs_00137150_00137442.wav,cậu có thể đi ra phía sau cái tủ lấy giúp mình con dấu,Yes
segments_16k/z24TjE1LOJs_00234228_00234376.wav,không cần phải nghiên cứu mấy loài như vậy,Yes
segments_16k/Ak24iTjQKZw_00001028_00001208.wav,nô bi ta đang học bài hay sao,Yes
segments_16k/Ak24iTjQKZw_00008934_00009168.wav,cứ năm phút cái bánh sẽ tự nhân đôi một lần,Yes
segments_16k/Ak24iTjQKZw_00009168_00009482.wav,sau năm phút đầu tiên cái bánh sẽ tự nhân đôi thành hai cái,Yes
segments_16k/Ak24iTjQKZw_00011704_00011914.wav,vậy là chúng ta mỗi người được một cái rồi,Yes
segments_16k/Ak24iTjQKZw_00028582_00028800.wav,cậu đã ăn hết bánh bao nhân đường đó chưa,Yes
segments_16k/Ak24iTjQKZw_00030000_00030218.wav,vậy thì sau một tiếng cậu có bao nhiêu cái,Yes
segments_16k/Ak24iTjQKZw_00030862_00031327.wav,sau hai tiếng sẽ là mười sáu triệu bảy trăm bảy mươi bảy ngàn hai trăm mười sáu,Yes
segments_16k/Ak24iTjQKZw_00031886_00032208.wav,ba tiếng sau sẽ là sáu mươi tám tỷ bảy trăm triệu,Yes
segments_16k/Ak24iTjQKZw_00032790_00033140.wav,và chỉ sau một ngày cả thế giới sẽ bị chìm trong bánh bao nhân đường,Yes
segments_16k/Ak24iTjQKZw_00054098_00054400.wav,cái này chính là bảo bối dùng để nuôi các loài động vật hoang dã,Yes
segments_16k/Ak24iTjQKZw_00064362_00064526.wav,thì do luôn sống theo bầy đàn,Yes
segments_16k/Ak24iTjQKZw_00069084_00069274.wav,đèn pin phóng đại,Yes
segments_16k/Ak24iTjQKZw_00073782_00074072.wav,thử dùng bánh thần của momotaro xem sau,No
segments_16k/Ak24iTjQKZw_00115226_00115372.wav,có bao giờ con nói dối mẹ đâu,Yes
segments_16k/Ak24iTjQKZw_00127661_00127874.wav,chúng ta mau về nhà thôi nô bi ta,Yes
segments_16k/CErhM5P38rs_00021226_00021462.wav,lúc đó Mư cư có thể giúp Chaien tự hào,No
segments_16k/CErhM5P38rs_00024280_00024420.wav,dẫn nó tới chỗ Chaien đi,Yes
segments_16k/CErhM5P38rs_00062269_00062463.wav,được rồi chúng ta về nhà thôi,Yes
segments_16k/sRd3F-K-Zn0_00024294_00025010.wav,không phải không phải không phải ngồi vào trong rồi hả nếu nếu cậu ấy mà ở trong đó ba phút thì sao,No
segments_16k/sRd3F-K-Zn0_00025010_00025608.wav,chỉ nghĩ tới thôi mình đã ớn lạnh rồi ,Yes
segments_16k/sRd3F-K-Zn0_00060564_00060752.wav,để trở thành một nam nhi hoàn hảo thôi,Yes
segments_16k/kEw7U-_q9vY_00033206_00033454.wav,cửa sổ nơi nào cao cao một chút là được,Yes
segments_16k/kEw7U-_q9vY_00038132_00038306.wav,thấy được cả tàu luôn kìa,Yes
segments_16k/kEw7U-_q9vY_00039050_00039204.wav,chúng ta đang ở trên thuyền,Yes
segments_16k/kEw7U-_q9vY_00052678_00052826.wav,được chứ sao không,Yes
segments_16k/kEw7U-_q9vY_00068948_00069184.wav,vì chúng ta xác định được vị trí đó rồi mà,Yes
segments_16k/kEw7U-_q9vY_00071908_00072046.wav,chúng ta qua đó thử xem,Yes
segments_16k/kEw7U-_q9vY_00074190_00074392.wav,nhưng mà vẫn không có ai ở nhà,Yes
segments_16k/WOpF3D1BUEk_00012922_00013216.wav,thì giờ mới biết được nô bi ta chạy chậm như rùa,Yes
segments_16k/WOpF3D1BUEk_00033262_00033464.wav,mấy cậu cho mình đánh bóng đi được không,Yes
segments_16k/WOpF3D1BUEk_00034720_00034872.wav,sao các cậu lại nói như vậy,Yes
segments_16k/WOpF3D1BUEk_00036368_00036586.wav,chắc chắn lần này mình sẽ chơi hay cho coi,Yes
segments_16k/WOpF3D1BUEk_00057064_00057414.wav,thì ra làm nobita không hề dễ dàng chút xíu nào hết,Yes
segments_16k/WOpF3D1BUEk_00060134_00060367.wav,nhưng mà thật ra mình chơi bóng không có giỏi đâu,Yes
segments_16k/6fc-G0zUnbo_00004618_00004842.wav,no bi ta à hôm nay lại đi học trễ có đúng không,Yes
segments_16k/6fc-G0zUnbo_00006012_00006242.wav,nếu cậu nói dối mũi cậu sẽ bị dài ra liền,Yes
segments_16k/6fc-G0zUnbo_00010888_00011142.wav,nói ngắn gọn thì đây là bảo bối để phát hiện nói dối,Yes
segments_16k/6fc-G0zUnbo_00070708_00070928.wav,lối vào của cỗ máy thời gian đâu mất tiêu rồi ,Yes
segments_16k/O1Y0Hg3tTa0_00019696_00020072.wav,thì biết là như vậy nhưng mà cũng phải có cách,Yes
segments_16k/O1Y0Hg3tTa0_00022434_00022572.wav,mình cho bạn mượn cái này,Yes
segments_16k/O1Y0Hg3tTa0_00026777_00026954.wav,cũng không có đau lắm,Yes
segments_16k/O1Y0Hg3tTa0_00032660_00032860.wav,ở đây không có ai để đánh trả nữa,Yes
segments_16k/O1Y0Hg3tTa0_00032860_00033012.wav,nó sẽ tự động ra khỏi đây,Yes
segments_16k/O1Y0Hg3tTa0_00077168_00077368.wav,chú gì ơi tỉnh lại đi,Yes
segments_16k/O1Y0Hg3tTa0_00083810_00084126.wav,tắm biển ngoài vũ trụ,Yes
segments_16k/O1Y0Hg3tTa0_00090542_00090838.wav,không được đi tắm biển thì ở nhà chơi với mình có sao đâu,Yes
segments_16k/O1Y0Hg3tTa0_00092780_00092968.wav,hay là chịu khó đợi đến mùa đông cũng được,Yes
segments_16k/O1Y0Hg3tTa0_00098584_00098904.wav,để coi đầu tiên là vệ tinh đứng yên,Yes
segments_16k/O1Y0Hg3tTa0_00100500_00100962.wav,nước sẽ hút lên hình thành theo hình cầu khổng lồ trong không gian vô trọng lực,Yes
segments_16k/O1Y0Hg3tTa0_00102535_00102758.wav,cuối cùng là cho không khí bao quanh,Yes
segments_16k/O1Y0Hg3tTa0_00106511_00106896.wav,thật ra đêm hôm qua mình đã tạo ra nó bằng nước giặt cát của đảo no hi ma,No
segments_16k/O1Y0Hg3tTa0_00106896_00107278.wav,không chỉ vậy mình còn đặt nó ở trên đầu bãi biển Onochima luôn,Yes
segments_16k/O1Y0Hg3tTa0_00107961_00108140.wav,bạn chỉnh nút để phóng to ra,Yes
segments_16k/O1Y0Hg3tTa0_00111426_00111683.wav,được rồi vậy thì bây giờ chúng ta đi bơi thôi,Yes
segments_16k/O1Y0Hg3tTa0_00112938_00113278.wav,cho bạn nè nuốt cái này vô bụng bạn sẽ yên tâm mà thở dưới nước đó,Yes
segments_16k/O1Y0Hg3tTa0_00114070_00114228.wav,bởi vì lực hút của nó nhỏ,Yes
segments_16k/O1Y0Hg3tTa0_00122214_00122483.wav,mình sẽ gọi thức ăn cho bạn bằng bảo bối của mình,Yes
segments_16k/O1Y0Hg3tTa0_00122944_00123122.wav,alo cho hai phần cơm cà ri,Yes
segments_16k/O1Y0Hg3tTa0_00126924_00127080.wav,bạn đúng là được voi đòi tiên mà,Yes
segments_16k/O1Y0Hg3tTa0_00127356_00127633.wav,hành tinh này nhỏ xíu như vậy làm sao mà bơi thuyền được,Yes
segments_16k/O1Y0Hg3tTa0_00127848_00128178.wav,để mình làm một cái hành tinh lớn hơn đừng có nhõng nhẽo nữa,Yes
segments_16k/O1Y0Hg3tTa0_00135990_00136368.wav,đúng là có bạn bè bên cạnh thì niềm vui được nhân đôi nhân ba,Yes
segments_16k/salQNsNFQuI_00009148_00009438.wav,mình đã dùng hồ hợp thể để hợp thể với con chó nè,Yes
segments_16k/salQNsNFQuI_00010030_00010312.wav,cậu sẽ biến thành nó và có được đặc tính của cậu và nó,Yes
segments_16k/salQNsNFQuI_00011200_00011328.wav,cậu đi theo mình đi nè,Yes
segments_16k/salQNsNFQuI_00015152_00015419.wav,đó là bởi vì chúng ta đang bay trên một đường thẳng đó,Yes
segments_16k/salQNsNFQuI_00015880_00016069.wav,nobita hợp thể với bồ câu,Yes
segments_16k/salQNsNFQuI_00030670_00031045.wav,thật ra là mình dùng hai bảo bối này nè,Yes
segments_16k/salQNsNFQuI_00043042_00043232.wav,thì không thể nào trở thành người được đâu,Yes
segments_16k/jXBggUxaDKU_00028612_00030189.wav,cuối cùng cũng tìm được cậu rồi nô bi ta cậu có thấy quả cầu một trăm năm của mình không có phải quả cầu một trăm năm nó tròn tròn bự bự cỡ vậy đúng không đúng rồi đó được cậu ra lấy đi mà không thèm hỏi mình à mình chôn nó ở đây,No
segments_16k/jXBggUxaDKU_00030745_00031730.wav,với mình là cậu vẫn chưa gạt cái nút đỏ đi nhanh lên bộ gạt qua cái nút màu đỏ là có vấn đề gì tại sao lúc nào cậu cũng gây rắc rồi cho bảo bối của mình vậy Nobita,No
segments_16k/jXBggUxaDKU_00058291_00058494.wav,thì biết cái gì đâu mà nhận đồ,Yes
segments_16k/jXBggUxaDKU_00059564_00059782.wav,ý cậu là hình của mình hiện tại có đúng không,Yes
segments_16k/jXBggUxaDKU_00060812_00061084.wav,có hai tay và có màu vàng xinh đẹp,Yes
segments_16k/jXBggUxaDKU_00061424_00061708.wav,chứ mình sẽ không bao giờ chịu đựng nổi đâu Nobita,Yes
segments_16k/jXBggUxaDKU_00061816_00062098.wav,cú shock khi bị mất đôi tai và biến thành màu xanh,Yes
segments_16k/jXBggUxaDKU_00062252_00062544.wav,mà biết đâu không chỉ có một màu xanh như vầy thì sao hả,Yes
segments_16k/jXBggUxaDKU_00064126_00064412.wav,tụi mình phải mau ngăn quả cầu một trăm năm lại đi Nobita,Yes
segments_16k/jXBggUxaDKU_00064540_00064855.wav,phải nhanh chóng tới ngày ba tháng chín năm hai ngàn không trăm mười hai mới được,Yes
segments_16k/jXBggUxaDKU_00097930_00098224.wav,nếu cậu dùng nó thì từ trường ở đây sẽ bị biến mất nhanh lên,Yes
segments_16k/jXBggUxaDKU_00099202_00099396.wav,đúng là cái đó rồi đó nhanh lên,Yes
segments_16k/XSajnOeOZz0_00065178_00065455.wav,cậu cứ nằm dài ra đó không chịu học hành vậy mà coi được,Yes
segments_16k/XSajnOeOZz0_00066910_00067146.wav,thì thời gian vẫn tiếp tục trôi không chờ một ai hết,Yes
segments_16k/XSajnOeOZz0_00068332_00068576.wav,thì lẽ ra cậu phải chăm chỉ học hành hơn mới đúng chứ,Yes
segments_16k/XSajnOeOZz0_00074752_00075140.wav,người ta hay nói là ngơ ngác bị cáo nhéo mặt nên cậu mới bị nhéo đó,Yes
segments_16k/XSajnOeOZz0_00075558_00075738.wav,nè đó không phải bảo bối để chơi,Yes
segments_16k/XSajnOeOZz0_00075738_00076006.wav,mình lấy nó ra để kiểm điểm lại bản thân mình chứ bộ,Yes
segments_16k/fNY3jkb1JAM_00014132_00014332.wav,thôi đủ rồi đó cậu đừng có năn nỉ nữa,Yes
segments_16k/fNY3jkb1JAM_00014418_00014641.wav,chỉ có ngủ là giỏi thôi làm gì cũng không ra hồn,Yes
segments_16k/fNY3jkb1JAM_00016436_00016738.wav,chỉ cần ăn một cái bánh này thôi cậu sẽ tràn đầy tinh thần nhiệt quyết,Yes
segments_16k/fNY3jkb1JAM_00016738_00016988.wav,cho dù là bất cứ ai đi nữa cũng không thể nào dập tắt được,Yes
segments_16k/fNY3jkb1JAM_00019148_00019650.wav,đôi chân rết đó chính là một trò chơi bắt buộc tất cả mọi người phải cùng nhau đồng lòng  và cố gắng đi thẳng tới đích đó hiểu không,Yes
segments_16k/fNY3jkb1JAM_00019932_00020234.wav,nói tới hội thao là nói tới mồ hôi nước mắt và tuổi trẻ,No
segments_16k/fNY3jkb1JAM_00020318_00020638.wav,cậu mau đi tập hợp  mọi người ra bãi đất trống  và luyện tập ngay cho mình đi,Yes
segments_16k/fNY3jkb1JAM_00022486_00022684.wav,cậu không được bỏ dễ dàng như vậy,Yes
segments_16k/fNY3jkb1JAM_00022966_00023348.wav,cậu nên biết trong cuộc đời của mình nếu mà bỏ cuộc coi như là chấm hết,Yes
segments_16k/fNY3jkb1JAM_00029062_00029289.wav,cậu tiếp tục gọi điện thoại cho mọi người để tập hợp đi,Yes
segments_16k/fNY3jkb1JAM_00038500_00038758.wav,dạ em xin lỗi anh em không dám nữa,Yes
segments_16k/fNY3jkb1JAM_00053826_00053991.wav,tới giờ ăn cơm rồi kìa,Yes
segments_16k/fNY3jkb1JAM_00057738_00057882.wav,cậu có sao không Nobita,Yes
segments_16k/fNY3jkb1JAM_00091998_00092210.wav,đã đạt được hai phút hai giây rồi đó,Yes
segments_16k/fNY3jkb1JAM_00106200_00106468.wav,cho dù Chaien có muốn tới cũng không thể tới được,Yes
segments_16k/AE7ueCZ_nk0_00018400_00019480.wav,hay quá cũng may mình tới kịp lúc nên còn khuyến mãi tiếng gì lớn vậy phải về nhanh lên mới được,Yes
segments_16k/AE7ueCZ_nk0_00028872_00029289.wav,tôi vừa mới làm việc xong và đang tính ra ngoài ăn một bữa no nê thì bị kêu tới đây,Yes
segments_16k/AE7ueCZ_nk0_00034450_00034854.wav,cậu ấy nói là tôi sẽ thổi bay hành tinh này nếu như mấy người không cho tôi ăn ngon,Yes
segments_16k/AE7ueCZ_nk0_00042076_00042318.wav,cậu nghĩ vậy thôi chắc không phải đâu,Yes
segments_16k/AE7ueCZ_nk0_00054382_00054626.wav,nó giống như trồng hoa ở sa mạc,Yes
segments_16k/AE7ueCZ_nk0_00054900_00055220.wav,cảm giác lãng phí và thất vọng cứ thế mà tan trong miệng,Yes
segments_16k/AE7ueCZ_nk0_00055220_00055626.wav,giờ mình cảm thấy kích thích giống như bị một vị thần tát vào mặt liên tục,Yes
segments_16k/AE7ueCZ_nk0_00070060_00070234.wav,để ăn bài kiểm tra không điểm của nô bi ta,Yes
segments_16k/AE7ueCZ_nk0_00072566_00072818.wav,lặn lội tới đây mà bây giờ cậu nói không có là sao hả,Yes
segments_16k/AE7ueCZ_nk0_00073578_00073758.wav,sau đó ướp muối và tiêu cho thật thấm,Yes
segments_16k/AE7ueCZ_nk0_00073936_00074152.wav,đem bỏ vào chiên chúng lên cho thật là thơm,Yes
segments_16k/AE7ueCZ_nk0_00076910_00077138.wav,cậu không thấy tụi mình có tới năm người hay sao,Yes
segments_16k/AE7ueCZ_nk0_00089884_00090332.wav,mà cậu phải cố gắng hết sức làm bài kiểm tra ngày hôm nay bị không điểm,Yes
segments_16k/AE7ueCZ_nk0_00098144_00098422.wav,trời ơi các cậu mình xin các cậu đó mau về nhà đi,Yes
segments_16k/AE7ueCZ_nk0_00100994_00101278.wav,giờ nóc nhà của mình toàn là đĩa bay không kìa,Yes
segments_16k/AE7ueCZ_nk0_00105452_00105716.wav,hả giờ nói là cậu không được lừa tuổi này nghe chưa,Yes
segments_16k/AE7ueCZ_nk0_00105716_00105966.wav,mong là cậu hãy nhớ giữ lời hứa của mình đã nói ra,Yes
segments_16k/AE7ueCZ_nk0_00113170_00113382.wav,mau đưa cho mình bài kiểm tra trên tay của cậu,Yes
segments_16k/AE7ueCZ_nk0_00114456_00114646.wav,chắc chắn là mùi vị sẽ càng ngon hơn,Yes
segments_16k/AE7ueCZ_nk0_00121174_00121409.wav,và phải ở trong đó ba ngày rồi sau đó ra ngoài,Yes
segments_16k/AE7ueCZ_nk0_00160306_00160554.wav,cậu nói là một vé cũng không bán được sao,Yes
segments_16k/AE7ueCZ_nk0_00166948_00167314.wav,hãy nói với bác về những phiền phức mà Chaien đã gây ra cho hàng xóm,Yes
segments_16k/AE7ueCZ_nk0_00167546_00167798.wav,hôm nay tụi cháu tới để nói tới chuyện liên quan đến Chaien,Yes
segments_16k/AE7ueCZ_nk0_00177660_00177936.wav,tụi mình chỉ cần bỏ cái thẻ hình bảo này vào là xong,Yes
segments_16k/AE7ueCZ_nk0_00178994_00179310.wav,và một trận gió mạnh sẽ kéo tới khu này vào lúc năm giờ,Yes
segments_16k/AE7ueCZ_nk0_00182790_00183166.wav,có lẽ chương trình tối nay của chúng ta đành phải hủy bỏ thôi,Yes
segments_16k/AE7ueCZ_nk0_00185786_00186156.wav,chúng ta đang cố gắng gồng mình để nghe những bài hát kinh khủng của Chaien,Yes
segments_16k/AE7ueCZ_nk0_00187076_00187322.wav,cùng với mặt nạ chống ma quỷ và đầu cá mòi,Yes
segments_16k/AE7ueCZ_nk0_00187322_00187554.wav,tất cả bảo bối này sẽ bảo vệ cho chúng ta,Yes
segments_16k/AE7ueCZ_nk0_00194192_00194590.wav,đôi khi nobita cũng dùng não để suy nghĩ,Yes
segments_16k/AE7ueCZ_nk0_00200764_00201044.wav,cậu làm ơn suy nghĩ nghiêm túc một lần có được không,Yes
segments_16k/AE7ueCZ_nk0_00201170_00201356.wav,cậu cần phải nghiêm túc để xem xét bản thân,Yes
segments_16k/AE7ueCZ_nk0_00202336_00202670.wav,đầu tiên thêm một con đường tương lai phơi phới mở ra trước mặt cậu,Yes
segments_16k/AE7ueCZ_nk0_00206134_00206436.wav,trong mỗi một cái đĩa này có chứa một khả năng đặc biệt của con người,Yes
segments_16k/AE7ueCZ_nk0_00256808_00257112.wav,cậu quyết định trả lại cho mình rồi hả Nobita,Yes
segments_16k/pGp3NQmyW9g_00000400_00000588.wav,Robot Nobi giúp việc,No
segments_16k/pGp3NQmyW9g_00057848_00058002.wav,mình đã đem cất hết rồi,Yes
segments_16k/pGp3NQmyW9g_00058628_00058876.wav,với lại mình có cho phép cậu sử dụng đâu mà cậu lấy,Yes
segments_16k/pGp3NQmyW9g_00058876_00059062.wav,cậu biết làm như vậy là xấu lắm hay không,Yes
segments_16k/pGp3NQmyW9g_00064732_00065016.wav,danh sách gặp gỡ của Nobita,Yes
segments_16k/1-SeGUNwUMQ_00015541_00015819.wav,thì bất cứ ai đến đây cũng sẽ quý mến cậu như người thân,Yes
segments_16k/1-SeGUNwUMQ_00076838_00077112.wav,chỉ cần cậu đưa cái găng tay này cho đám con gái đeo vào,Yes
segments_16k/1-SeGUNwUMQ_00077236_00077382.wav,lúc đó cậu sẽ chiến thắng,Yes
segments_16k/1-SeGUNwUMQ_00118198_00118390.wav,hả hình như đó là cuộc thi chạy đua,Yes
segments_16k/1-SeGUNwUMQ_00150838_00151024.wav,được rồi hãy mau lên tàu thôi,Yes
segments_16k/1-SeGUNwUMQ_00152886_00153108.wav,được rồi các cậu mau thắt dây an toàn,Yes
segments_16k/1-SeGUNwUMQ_00210484_00210728.wav,quy mô nhất ở thế kỉ hai mươi ba đó nha,Yes
segments_16k/ZxxJzy1GkJg_00019760_00019962.wav,nô bi ta cậu có biết pháo đài vô địch,Yes
segments_16k/ZxxJzy1GkJg_00030900_00031154.wav,hay là cậu ấy đã giấu bảo bối đó ở ngoài sân,Yes
segments_16k/ZxxJzy1GkJg_00033082_00033388.wav,Suneo bắn ai đó chúng ta sẽ biết địa điểm đặt pháo đài của cậu ta ngay,Yes
segments_16k/ZxxJzy1GkJg_00054680_00054885.wav,đi tìm pháo đài sau núi,Yes
segments_16k/ZxxJzy1GkJg_00058339_00058687.wav,bây giờ chỉ cần ấn cái nút màu đỏ đó là pháo đài sẽ không hoạt động được nữa,Yes
segments_16k/ZxxJzy1GkJg_00060235_00060441.wav,cái pháo đài đó có ra đa phòng thủ từ xa,Yes
segments_16k/ZxxJzy1GkJg_00066829_00067041.wav,cánh cửa thần kì,Yes
segments_16k/ZxxJzy1GkJg_00073385_00073565.wav,nghĩa là chúng ta đang tới gần thành công,Yes
segments_16k/Y4oTrMYC-ME_00000096_00000386.wav,một lần trong đời được một trăm điểm,Yes
segments_16k/Y4oTrMYC-ME_00012344_00012480.wav,trả lại cho mình mau lên,Yes
segments_16k/Y4oTrMYC-ME_00025464_00025683.wav,cậu làm như vậy là gian lận trong thi cử đó,Yes
segments_16k/Y4oTrMYC-ME_00062734_00062917.wav,dạ con mới bà cố ăn kẹo,Yes
segments_16k/Y4oTrMYC-ME_00114952_00115046.wav,nó đây rồi,Yes
segments_16k/Y4oTrMYC-ME_00135982_00136202.wav,mong anh giúp đỡ cho nobita,Yes
segments_16k/Y4oTrMYC-ME_00172482_00172620.wav,rốt cuộc anh là ai vậy hả,Yes
segments_16k/Y4oTrMYC-ME_00180670_00180950.wav,mọi người ai nấy về đúng thời gian của mình giùm tôi với,Yes
segments_16k/Y4oTrMYC-ME_00204746_00204948.wav,vô trỏng chi vậy trời,Yes
segments_16k/Y4oTrMYC-ME_00266034_00266298.wav,nãy giờ chúng ta đã làm phiền thầy quá nhiều rồi,Yes
segments_16k/Y4oTrMYC-ME_00277712_00277914.wav,bây giờ tụi kia trả lại bảo bối cho mình chưa,No
segments_16k/Y4oTrMYC-ME_00303450_00303560.wav,nhờ vào cậu đó,No
segments_16k/Y4oTrMYC-ME_00312544_00312714.wav,Nobita trở thành Picasso,Yes
segments_16k/Y4oTrMYC-ME_00373014_00373354.wav,mình quên mất bình xịt này chỉ có hiệu quả trong vòng hai mươi bốn giờ thôi,Yes
segments_16k/Y4oTrMYC-ME_00379498_00379676.wav,à cậu quên đem theo cặp nè,Yes
segments_16k/Y4oTrMYC-ME_00387550_00388036.wav,bởi vì sáng mai mình phải đi xếp hàng để mua cho bằng được bánh rán phiên bản đặc biệt với số lượng có hạn,Yes
segments_16k/Y4oTrMYC-ME_00389974_00390278.wav,nếu mình không ra ngoài sớm sẽ không mua được bánh rán phiên bản đặc biệt,Yes
segments_16k/Y4oTrMYC-ME_00450402_00450572.wav,hay là cậu dùng thử cái này đi Nobita,Yes
segments_16k/Y4oTrMYC-ME_00451062_00451332.wav,đầu tiên chúng ta nút start để khởi động,Yes
segments_16k/Y4oTrMYC-ME_00455438_00455638.wav,được rồi giờ mình bấm nút lần nữa,Yes
segments_16k/Y4oTrMYC-ME_00457882_00458004.wav,trả lại cho mình Nobita,Yes
segments_16k/Y4oTrMYC-ME_00458224_00458493.wav,nhưng mà bài tập và dọn dẹp phòng thì sao đây,Yes
segments_16k/Y4oTrMYC-ME_00497128_00497366.wav,từ nãy tới giờ cậu vẫn chưa làm xong bài tập hả,Yes
segments_16k/Y4oTrMYC-ME_00500380_00500504.wav,trả lại cho mình Nobita,Yes
segments_16k/Y4oTrMYC-ME_00500724_00500978.wav,nhưng mà còn bài tập và dọn dẹp phòng thì sao đây,Yes
segments_16k/Y4oTrMYC-ME_00501758_00501920.wav,Nobita cậu bị làm sao vậy,Yes
segments_16k/ldLjIuEUv6w_00021248_00022964.wav,gì kỳ vậy ta để mình làm lại lần nữa búp bê bằng bông biết bay bay bay hình như em ấy đang sợ đó sợ cái gì mà sợ chứ đây là những sản phẩm mà trẻ em thế kỷ hai mươi hai đều yêu thích đó nhưng thời bây giờ bọn trẻ đâu có thích mấy cái này đâu chứ,No
segments_16k/ldLjIuEUv6w_00032770_00033052.wav,đọc cái tên thôi là đã thấy cái công dụng của nó là cái gì rồi mà,Yes
segments_16k/ldLjIuEUv6w_00096080_00096404.wav,tại sao trong lúc này mà mày còn nói những lời phân biệt như vậy hả Doraemon,Yes
segments_16k/ldLjIuEUv6w_00101972_00102290.wav,nghĩa là viên kẹo này sẽ hết tác dụng khi nào bé Yo nhả nó ra,Yes
segments_16k/ldLjIuEUv6w_00121518_00121782.wav,dạ con có mang giày của bé vô nè,Yes
segments_16k/6QqQZnlL4UM_00047938_00048342.wav,nếu như trùm chiếc khăn này lên thì không ai có thể nhìn thấy được cậu đâu cậu sẽ,Yes
segments_16k/6QqQZnlL4UM_00092616_00092826.wav,bọn chúng đúng là đồ đáng ghét đáng ghét quá đi,Yes
segments_16k/6QqQZnlL4UM_00095712_00096024.wav,nhưng mà anh thật sự phát điên lên giống như muốn nổ tung vậy đó,Yes
segments_16k/6QqQZnlL4UM_00115830_00116070.wav,tất cả thuộc hạ của ngươi đã bị bắt rồi,Yes
segments_16k/NuiBeQTqtWE_00009144_00009430.wav,mình đã dùng hồ hợp thể để hợp thể với con chó nè,Yes
segments_16k/NuiBeQTqtWE_00010024_00010308.wav,cậu sẽ biến thành nó và có được đặc tính của cậu và nó,Yes
segments_16k/NuiBeQTqtWE_00011196_00011320.wav,cậu đi theo mình đi nè,Yes
segments_16k/NuiBeQTqtWE_00015147_00015416.wav,đó là bởi vì chúng ta đang bay trên một đường thẳng đó,Yes
segments_16k/NuiBeQTqtWE_00015869_00016063.wav,Nobita hợp thể với bồ câu,Yes
segments_16k/NuiBeQTqtWE_00030780_00031039.wav,mình dùng hai bảo bối này nè,Yes
segments_16k/NuiBeQTqtWE_00043036_00043226.wav,thì không thể nào trở thành người được đâu,Yes
segments_16k/NuiBeQTqtWE_00068712_00069006.wav,cậu định trở thành một người không có quyết tâm suốt đời này luôn hay sao,Yes
segments_16k/NuiBeQTqtWE_00072084_00072318.wav,bảo bối này của mình lợi hại lắm đó nha,Yes
segments_16k/NuiBeQTqtWE_00074668_00074970.wav,hòn đá kiên cường này sẽ có thể giúp ba giảm cân mà,Yes
segments_16k/NuiBeQTqtWE_00076916_00077090.wav,tất nhiên là không thể ăn được rồi,Yes
segments_16k/NuiBeQTqtWE_00079436_00079684.wav,hòn đá này ra tay có vẻ hơi bạo lực,Yes
segments_16k/NuiBeQTqtWE_00080488_00080864.wav,dùng bảo bối này hay không là tùy thuộc vào quyết tâm của cậu thôi,Yes
segments_16k/NuiBeQTqtWE_00082214_00082372.wav,cậu phải cố lên nha Nobita,Yes
segments_16k/NuiBeQTqtWE_00088846_00089018.wav,mới qua được có năm phút thôi à,Yes
segments_16k/NuiBeQTqtWE_00089742_00089962.wav,như vậy đúng là có hơi quá đáng thiệt đó,Yes
segments_16k/NuiBeQTqtWE_00091208_00091386.wav,tao nói là mày dừng lại đi,Yes
segments_16k/NuiBeQTqtWE_00102530_00102700.wav,thời gian một tiếng sắp hết,Yes
segments_16k/NuiBeQTqtWE_00103461_00103698.wav,cậu cũng đã ráng chạy được hết một tiếng đồng hồ,Yes
segments_16k/NuiBeQTqtWE_00103868_00104064.wav,thời gian một tiếng sắp trôi qua rồi,Yes
segments_16k/NuiBeQTqtWE_00104744_00104940.wav,Nobita cậu đã chạy đủ một tiếng rồi đó,Yes
segments_16k/NuiBeQTqtWE_00105385_00105624.wav,cậu chỉ cần cố gắng thì mọi chuyện sẽ thành công,Yes
segments_16k/oDu6mxKVNT8_00014184_00015119.wav,cho máy tạo danh sách gặp mặt sau này cậu quen biết những cô gái nào thì trong máy này đều lưu tất cả dữ liệu và hình ảnh của những người đó,Yes
segments_16k/ZboEP6BstgI_00012408_00014047.wav,mình đã biết trước mọi chuyện nó đã bỏ về sớm có phải Suneo là có em họ là thợ lặn nên bắt đầu học lặn đúng không thế nào mùa hè năm nay bạn ấy cũng sẽ đi lặn ở sai ta hoặc là gam rồi khoe với tất cả mọi người những tấm hình chụp ở đó,Yes
segments_16k/ZboEP6BstgI_00017998_00018176.wav,mắt kính trải nghiệm ,Yes
segments_16k/ZboEP6BstgI_00019958_00020274.wav,Doraemon bạn đang làm cái gì vậy hả,Yes
segments_16k/ZboEP6BstgI_00021594_00022100.wav,nước đâu mất tiêu rồi đây là thiết bị giả định dùng để nghiên cứu khi trái đất,Yes
segments_16k/ZboEP6BstgI_00023176_00023558.wav,nào không đeo kính thì sẽ không nhìn thấy gì hết và cũng không bị ướt,Yes
segments_16k/ZboEP6BstgI_00031488_00031708.wav,như vậy còn phải chuẩn bị thêm một thứ,Yes
segments_16k/ZboEP6BstgI_00035618_00036674.wav,đi đâu vậy nửa đêm nửa hôm kêu mình đi đâu vậy Doraemon bạn quên rồi sao mình đi tập lặn ở biển tưởng tượng chứ đi đâu nữa phải rồi,No
segments_16k/ZboEP6BstgI_00037810_00038294.wav,hà hà bạn bình tĩnh đây chỉ là nước tưởng tượng thôi mà không có chết,Yes
segments_16k/ZboEP6BstgI_00038566_00038718.wav,bạn mau thay quần áo rồi đeo,Yes
segments_16k/ZboEP6BstgI_00039690_00040030.wav,nhìn kìa nô bi ta chúng ta đang lên gần mặt nước,Yes
segments_16k/ZboEP6BstgI_00040668_00040964.wav,không chỉ thành phố mà cả thế giới đều như vậy,Yes
segments_16k/ZboEP6BstgI_00057022_00057298.wav,phải đi bắt nó thôi nếu như không bắt được nó,Yes
segments_16k/ZboEP6BstgI_00076124_00076350.wav,tốt hơn hết là bạn đừng nói lớn Nobita,Yes
segments_16k/ZboEP6BstgI_00087530_00087886.wav,nào hãy cùng tới nhà ông già tốt bụng,Yes
segments_16k/ZboEP6BstgI_00091130_00091348.wav,rất là xúc động phải không nobita,Yes
segments_16k/ZboEP6BstgI_00094784_00095118.wav,à được rồi mình sẽ dùng bảo bối này,Yes
segments_16k/ZboEP6BstgI_00095724_00096120.wav,máy xe chỉ của công chúa ngủ trong rừng,Yes
segments_16k/ZboEP6BstgI_00096506_00096718.wav,ba thử chạm vào đầu mũi kim đi,Yes
segments_16k/ZboEP6BstgI_00098286_00098738.wav,chúng ta còn có rất nhiều dụng cụ nhỏ được đề cập và sử dụng trong truyện đó,Yes
segments_16k/ZboEP6BstgI_00098738_00099152.wav,khi sử dụng những dụng cụ này thì chúng ta sẽ có hiệu quả giống như trong truyện,Yes
segments_16k/ZboEP6BstgI_00099666_00099930.wav,cũng giống như chúng ta đã đọc truyện rồi vậy đó,Yes
segments_16k/ZboEP6BstgI_00104300_00104466.wav,đang đang có tổ,No
segments_16k/ZboEP6BstgI_00126202_00126354.wav,mau trả lại cho mình đi,Yes
segments_16k/ZboEP6BstgI_00126644_00126802.wav,chắc chắn là bạn đã dùng,Yes
segments_16k/ZboEP6BstgI_00127778_00127944.wav,về nhà phải trả lại cho mình,Yes
segments_16k/ZboEP6BstgI_00139720_00139968.wav,được rồi người máy đây nè,Yes
segments_16k/NpIAxXboFmg_00004796_00005048.wav,nhưng khoan mẹ con đang chuẩn bị ăn bánh rán,Yes
segments_16k/AyDYkhfHx-4_00001614_00001988.wav,phải công nhận là năm mới cái gì cũng thông thả hết ha nô bi ta,Yes
